Id,ConfirmedCases
0,0.0
1,0.9152119689320879
2,0.0017343702394658767
3,0.0
4,91.0000018453262
5,0.0
6,24.739787845753145
7,1.0000000038093084
8,0.006231602831952232
9,0.0
10,0.012800221431940706
11,28.747879320818214
12,0.0
13,0.0
14,0.0
15,0.0
16,0.10571388709265217
17,167.99997181133423
18,0.01243073350674373
19,103.59107425885921
20,2.823781284467538
21,0.0
22,64204.10579501861
23,21.605155152443547
24,2.0964444852977895
25,0.0
26,0.0
27,0.0
28,0.0
29,1.0000000038093084
30,0.0
31,0.0
32,0.0
33,10.097666713256377
34,17.149170660105224
35,2.4545220855805954
36,0.0
37,1.0715434097843004
38,0.0245568231011013
39,0.0
40,0.0
41,23.43442370024828
42,0.0
43,133.0000298940446
44,0.0
45,0.0
46,0.0
47,0.08255182669655237
48,23.58778139547319
49,0.0
50,609.7233271457605
51,23.387160885747715
52,0.0
53,0.0
54,3.5860058742161467
55,32.46163074722082
56,1.1334217474514263
57,86.6474272147361
58,1.6133374919293964
59,0.0
60,794.2911919847394
61,0.0
62,0.0
63,0.0
64,543.712099828091
65,88.10665192598059
66,0.0
67,0.0
68,0.0
69,8.570290167913818
70,0.0
71,0.5058360465038814
72,0.0
73,19.207161778393676
74,130.74387077119854
75,0.0
76,0.0
77,0.0
78,3.1681786846815063
79,1.0611469696575262
80,0.0
81,0.0
82,0.0
83,0.06252736679223059
84,0.013959479828653976
85,0.0
86,0.0
87,4.2262541032608985
88,0.005212140055835368
89,0.0
90,0.931656689219873
91,70.99211328430027
92,0.0
93,1.134678522293044
94,0.0
95,0.0
96,530.4274219072773
97,0.0
98,6.539902959490291
99,10.0000006968803
100,0.008701983814414449
101,0.0
102,0.0
103,434.7762429807434
104,0.002750305942310849
105,0.0
106,0.04066086971843741
107,10.096495717387713
108,60.38037268330551
109,27.149982922447307
110,1.1419387399148802
111,2.278888052394791
112,0.29958390182907424
113,0.057681814973505
114,0.0
115,0.013433271431026572
116,10.723660698014909
117,0.0
118,0.0
119,0.0
120,0.0
121,0.004489446230552474
122,0.0
123,0.0
124,0.038241780820637894
125,0.0
126,76.30659871080232
127,1.2186475108799493
128,1.02652965191345
129,2.8596792784650806
130,0.0
131,75.99999162676387
132,0.0
133,0.0
134,0.0
135,5.23541407802358
136,0.0
137,1.094848455089494
138,0.4675831297802382
139,1.995594896768707
140,0.0
141,0.0
142,0.7128096478408084
143,0.0
144,0.0
145,0.2899787877348188
146,1.9855103266230678
147,0.0
148,0.0
149,0.0
150,64.69803730057662
151,4.244199417508459
152,0.0
153,8.343086186252327
154,289.19649585543925
155,50.39702154343546
156,0.0
157,0.0
158,1017.6978431454579
159,0.0
160,0.0
161,0.0
162,103.6126411546294
163,5.444690773355853
164,0.5268808689571456
165,0.0
166,0.0
167,0.0
168,3.872538683142924
169,73.37761980177702
170,1.0852657438713051
171,0.009562083764466767
172,0.0
173,0.0
174,0.0
175,82.50909738646764
176,0.0
177,3.6787720423169077
178,2.000000059502263
179,130.6565599231088
180,0.0
181,11.829811324240568
182,0.030572312068563035
183,2.000000059502263
184,0.0
185,0.0
186,0.0
187,0.37461176324691525
188,0.0
189,0.0034717485190591812
190,0.0
191,294.04657956318016
192,3.185736360988712
193,0.14772566880242732
194,46.13475410251836
195,0.0
196,0.0017343702394658767
197,0.0
198,0.0
199,0.0
200,0.0
201,120.27494718422241
202,0.0
203,41.461641419949885
204,2.8087740016828615
205,0.05367422514778064
206,1.0000000038093084
207,5136.113364643222
208,0.0
209,0.0
210,0.0
211,3.8147363964210568
212,0.0
213,0.0
214,0.0
215,20.7897891958523
216,50.90732202645212
217,0.0
218,538.9700251086912
219,0.0
220,0.0017343702394658767
221,649.4707493605672
222,1.733716723827024
223,0.0
224,0.0
225,51.79467312039719
226,168.15042310729706
227,1.4410550185731035
228,660.2126250012881
229,0.0
230,8.924763454197633
231,0.0
232,0.25467354151747545
233,0.0
234,9.06718503019631
235,0.029022436013935282
236,0.0
237,9.751335332659647
238,0.0
239,1.1697021002302859
240,0.0
241,0.0
242,44.38716280265734
243,0.0
244,0.0
245,0.0
246,0.0
247,222.9147239300791
248,0.0
249,17.161394113996252
250,0.0
251,0.0
252,0.0
253,0.0
254,0.0
255,0.0
256,0.0
257,0.0
258,0.0
259,630.999912390159
260,0.0
261,302.00123054706864
262,483.183933812309
263,0.0
264,2.629578233240441
265,385.5305561221497
266,0.0
267,0.12158538475310565
268,0.05306487470455834
269,758.0000754714912
270,18.41603274559484
271,0.0
272,0.0
273,0.0
274,0.0
275,1.9472646173401884
276,66.72230976883503
277,0.0
278,0.0
279,3.498098711169339
280,0.0
281,0.0017343702394658767
282,0.0
283,38.873448762282976
284,0.0
285,43.88015483595064
286,1013.0869832448
287,0.0
288,136.00001054619085
289,0.0
290,0.0
291,0.0
292,0.0
293,0.0
294,0.0
295,121.27725816270117
296,0.0
297,0.0
298,0.0034717485190591812
299,0.0
300,0.0
301,4.0429050108551605
302,0.051442650767662856
303,0.0
304,30.43784726019216
305,0.0
306,0.0034717485190591812
307,0.0
308,0.013959479828653976
309,0.0
310,0.0
311,229.43484721249456
312,1.1722750525344807
313,0.0
314,0.0
315,2.463471462337146
316,50.54545780480805
317,0.0
318,0.0
319,0.0
320,0.0017343702394658767
321,0.0
322,0.0
323,0.0
324,1.5609598956020307
325,10820.0383092808
326,0.0
327,0.0017343702394658767
328,0.6394229306768944
329,0.0
330,146.0000224144259
331,0.0
332,0.0
333,0.0
334,0.0
335,0.0
336,0.0
337,0.0
338,0.0
339,150.64866427622528
340,0.0
341,0.0
342,0.0
343,425.6731442595183
344,0.0
345,171.15230212786796
346,0.03713247445450096
347,623.6232575651047
348,0.0
349,575.9998684568793
350,0.0
351,855.2725949937297
352,0.0
353,130.58141999795888
354,228.91290837494645
355,0.0
356,0.0
357,67791.14568954363
358,3.447547152622291
359,14.864912865615404
360,173.58234762137096
361,0.0
362,0.04202307029133445
363,0.0
364,400.6109804835922
365,1.5947157920949482
366,0.0
367,0.0
368,0.0
369,0.0
370,0.0
371,3.926147634990344
372,0.0
373,0.0
374,92.42313891455277
375,1409.040075708419
376,8.06395352854118
377,0.0
378,350.2621299460713
379,0.0
380,0.0
381,712.4035530586635
382,0.0
383,0.0
384,0.0
385,0.0
386,8.469373507371703
387,0.0
388,15.17486503547676
389,186.10065975879553
390,0.0
391,1.2300059531810552
392,0.0
393,0.0
394,972.0669306521233
395,0.06646696247300365
396,0.0
397,10.54466698604642
398,0.0
399,0.0
400,204.14268035697867
401,0.0017343702394658767
402,0.0
403,760.3399380344657
404,1015.9673861309551
405,0.028113826734394554
406,111.6550603418294
407,0.0
408,0.11839499870483272
409,0.0
410,0.0
411,4.000000150353914
412,1.0547551374146864
413,224.6943717931094
414,0.0
415,6.988482551328571
416,0.0
417,0.004489446230552474
418,0.0034717485190591812
419,4.6173032350512955
420,0.0
421,0.0
422,0.0
423,0.0
424,83.30202518946044
425,0.0
426,0.5694258259007015
427,539.7073547788624
428,402.42324269920556
429,0.0
430,45.01902006644502
431,166.84963352849974
432,0.0
433,0.0
434,0.0
435,0.0
436,0.0
437,0.0
438,0.0
439,0.024126733316138127
440,1017.9904456817504
441,0.0
442,12.972195055448903
443,0.0
444,0.0
445,0.0
446,0.0
447,6.795440346524201
448,1.0023675104910876
449,0.019111590160017622
450,0.0
451,0.0
452,0.007252099523508804
453,0.0
454,1227.230716644734
455,0.0
456,20.78763362561968
457,0.0
458,1.8049667481515153
459,19.47708926763728
460,641.7949626892894
461,2.000000059502263
462,5.000000130432452
463,4.230526902391336
464,0.0
465,0.0
466,0.042632945146172
467,252.0000201391391
468,290.9841508060461
469,0.9322552988271369
470,5.152667672522381
471,224.56024315304322
472,10.880816819543744
473,11.229110592668105
474,0.0
475,0.0
476,49.01690050707027
477,6.656739029138625
478,244.9999951620426
479,0.0
480,0.0
481,5.045876520619764
482,0.0
483,123.05960630494003
484,0.0
485,0.002750305942310849
486,1.8579576897378156
487,5.700508207316385
488,0.0
489,4.7847093388393835
490,0.0
491,0.0
492,0.0
493,199.90421550458123
494,17.364243001786434
495,0.0
496,74.9999968816471
497,140.45308355069741
498,33.97515196224972
499,0.0
500,1616.0088305267118
501,0.0
502,379.854298181635
503,1.3015304212470244
504,11.420757931653027
505,20.781801857654127
506,0.0
507,4.967470459204574
508,2.99020373831298
509,1.0000000038093084
510,0.0
511,0.0
512,0.002750305942310849
513,15.12152763425588
514,0.0
515,27.33183970566829
516,0.0
517,0.0
518,21.28351958374008
519,74.42479205403316
520,575.9998684568793
521,0.0
522,258.11130855871795
523,3298.3663927847215
524,0.0
525,0.018511596393303575
526,0.0
527,0.0
528,0.0
529,0.0
530,0.0
531,0.0
532,0.24616923083515774
533,0.0
534,6418.645402587241
535,88.15116491179462
536,1.0000000038093084
537,843.2178211276538
538,2519.1727700127713
539,0.0
540,0.0
541,0.0
542,0.0
543,52.93964935010295
544,0.0
545,0.0
546,0.0
547,0.0
548,433.52334008429494
549,0.0
550,0.5124690243916659
551,18.355657785407157
552,0.0
553,0.0017343702394658767
554,17.795165398038424
555,287.68912477011395
556,1.719018941549892
557,0.0
558,0.2813774473794537
559,20.922101930083272
560,0.0040317003815164565
561,0.0
562,1.0138364762618846
563,4.7575381517172985
564,0.0
565,0.016017190990597285
566,0.0
567,0.9861849946192376
568,2.999541331342728
569,0.0
570,6.779629566508271
571,0.0
572,0.0
573,1.748403018997875
574,0.910516091365809
575,0.0
576,3.614539486170769
577,3.0771844751049064
578,0.0
579,0.0
580,0.0
581,0.0
582,0.0
583,0.0
584,0.0
585,6.850650410587835
586,140.62774039343435
587,0.0
588,0.0
589,0.0
590,0.0
591,0.0
592,0.0
593,0.0
594,151.59042744449758
595,0.0
596,65.64731553804754
597,7.9988823958622834
598,0.0
599,0.0
600,0.0
601,1.359463957503062
602,65644.09770393367
603,74.9999968816471
604,10.275673102681385
605,0.0
606,0.0
607,0.0
608,32.91241121703326
609,0.8509999070611274
610,0.0
611,998.4155517740134
612,0.0
613,0.0
614,0.017347133568350825
615,0.0
616,0.007252099523508804
617,86.55079474971508
618,0.0
619,0.0017343702394658767
620,0.0
621,0.0
622,4.989611925762461
623,0.0
624,0.0
625,5.830487155008204
626,0.0
627,0.0
628,3.026977824025823
629,4.390708269783813
630,1017.9879445531327
631,0.05302117934809458
632,0.0
633,13.24433388085783
634,0.0
635,0.0
636,1.0000000038093084
637,6.231560474482068
638,0.0
639,0.0
640,0.0
641,1.1115837465985394
642,0.0
643,0.0
644,0.0
645,0.0017343702394658767
646,46.77069052914138
647,0.01571806097449291
648,0.0
649,0.0
650,0.005212140055835368
651,0.0
652,1.7266352742400497
653,212.93326914872023
654,1.0380439371764858
655,89.10647798077551
656,0.0
657,0.07371491173020583
658,8.647093586688369
659,8.316687735078439
660,0.0
661,264.5180884561606
662,0.0
663,0.0
664,135.58684035035702
665,0.0
666,10.0000006968803
667,0.02633378396372965
668,0.0
669,3.593065876153503
670,1.0000000038093084
671,0.0
672,0.0
673,2.8495870553970573
674,172.2134620419047
675,16.07962428939521
676,0.0
677,1.8864604021420073
678,0.0
679,0.0
680,0.041196881923637685
681,46.59711195882244
682,0.03678038231161063
683,0.0
684,461.5228658151975
685,642.4545378540934
686,0.0034717485190591812
687,0.040222014607337764
688,0.0
689,0.0
690,0.0
691,0.0
692,0.0
693,0.0
694,3.0000000152372346
695,0.0017343702394658767
696,61.57624814812088
697,0.0
698,173.70286164147814
699,0.0772558310581235
700,0.0
701,15.849312927271733
702,0.0
703,0.0
704,3.2227782235175617
705,1.7750432141058372
706,0.0
707,0.0
708,0.03438584507103659
709,0.0
710,0.0
711,74.9999968816471
712,43.75549762225592
713,5.013287640521635
714,8.032702949752005
715,0.0
716,0.0
717,0.0
718,16.60415095411813
719,425.80522033165886
720,0.047899238509791386
721,111.150483622365
722,8.17538009345224
723,0.22673731937158692
724,6.135098556366237
725,0.0
726,0.0
727,0.0
728,4.558571725124891
729,0.0
730,0.0
731,119.10876665508826
732,305.8960063906845
733,84.9127857570204
734,0.0
735,0.07960241335174922
736,136.71115868903686
737,0.03347249999267499
738,12.034853988628837
739,449.1857844390361
740,1.0000000038093084
741,0.0
742,0.08297504576313441
743,0.0
744,5.939433993146785
745,0.6862340617602467
746,0.0
747,2.962569267188272
748,0.0
749,962.1801425801892
750,0.0
751,0.0
752,8.226084835743304
753,1.003468744294847
754,1337.6723874690592
755,0.0
756,0.0
757,0.0
758,0.0
759,283.41654675416896
760,0.0
761,0.0
762,0.0
763,0.0
764,0.0
765,0.00913544102529884
766,548.4450912912357
767,0.0
768,0.0
769,0.0
770,3.717021495328292
771,0.0
772,0.0
773,0.0
774,83.25958341674983
775,0.0
776,0.0
777,0.0
778,0.0
779,27.48250063143481
780,2.442249450155395
781,19.28590099118083
782,0.0
783,0.0
784,9.363628790095877
785,1351.8935722440208
786,0.018511596393303575
787,2.1074734719122827
788,122.54053827901625
789,0.0
790,0.0
791,10.386477525157458
792,96.19539022969826
793,5.485273829154861
794,0.0
795,0.0
796,604.9529913794862
797,5.77575779077532
798,1.7103389778773899
799,0.0
800,0.0
801,0.30812463239979704
802,11.89680898035435
803,0.0
804,0.0
805,0.0
806,0.010749025508348664
807,0.0
808,0.0
809,0.3131571302350502
810,5.1240334359936535
811,1349.2446747720383
812,0.0
813,0.0
814,2.09686789317552
815,0.0
816,74.19373998975358
817,60.867604440914484
818,0.0017343702394658767
819,1.002028357302934
820,1.1545168222449531
821,0.0
822,0.0
823,18.619637374540638
824,0.0
825,3.4003538324918843
826,33.34466636772669
827,0.0
828,0.0
829,0.0
830,0.0
831,83.98134138729384
832,0.0
833,44.90426786814291
834,0.0
835,0.0
836,14.940260308430643
837,38.64677113207519
838,0.0
839,1.0000000038093084
840,0.0
841,218.3410708431822
842,0.0
843,0.0
844,1.491680921210266
845,3.7335525824935187
846,0.0
847,0.0
848,0.0
849,0.0
850,0.0
851,0.0
852,1.031171467667317
853,5.6424995654039485
854,0.0
855,86.83798477334602
856,0.0
857,17.47044477752536
858,0.0
859,0.0
860,18.205664880523003
861,0.005212140055835368
862,0.0
863,0.0
864,80.75042571519799
865,0.0
866,0.0
867,0.0
868,0.0
869,0.0
870,0.0
871,1.9982188238498932
872,391.2811930168327
873,0.0017343702394658767
874,2.1845835737323496
875,0.0
876,0.34821694601194486
877,9.46823557701419
878,1.0000000038093084
879,0.07230144508127867
880,0.013959479828653976
881,19.601118040217575
882,0.0
883,1.2020729880147707
884,0.0
885,3.0384199479462826
886,121.23337135106279
887,0.0
888,0.0
889,0.0
890,0.0
891,2.6145509864533905
892,0.0
893,0.0
894,0.0
895,0.0
896,354.17425391976434
897,67.75077714755551
898,0.0
899,2.2332287790498313
900,0.0
901,0.0
902,2.536800423944336
903,0.0
904,0.0
905,0.0
906,74.9999968816471
907,0.0
908,0.0
909,0.9682141787854677
910,573.4874101229443
911,1.1808456619750207
912,0.0034717485190591812
913,0.0
914,0.008079655370999195
915,0.0
916,0.0
917,100.4382848240651
918,3.8822986012260916
919,0.0
920,0.008701983814414449
921,575.9998684568793
922,0.0
923,0.0
924,0.0
925,0.0
926,0.0
927,0.0
928,0.019244378648462845
929,0.005212140055835368
930,0.008273631179078311
931,2.1936181815711726
932,0.0
933,0.0
934,0.22652974848140772
935,0.0
936,0.0
937,3.1080289429887973
938,1.0153031378623831
939,1315.0177605058195
940,0.0
941,27.96134892482148
942,0.0
943,2.72933882746833
944,0.0
945,352.2494777477023
946,0.0
947,20.596196813587337
948,0.0
949,0.0
950,0.0
951,0.0
952,0.0
953,271.73818448482365
954,0.0
955,0.0
956,114.34340262284024
957,0.0
958,0.0
959,0.0
960,32.49898715887124
961,0.0
962,95.06920614208816
963,0.019680269282079665
964,0.21087054350209367
965,0.0
966,10.849972928933187
967,0.04246576096025367
968,0.0
969,0.0
970,0.0
971,273.8183592941379
972,0.0
973,0.0
974,136.0074834707173
975,7.483081614513994
976,589.1598531488179
977,17.999999148034917
978,0.0
979,0.0
980,0.0
981,0.0
982,0.0
983,0.0
984,43.48965776438656
985,0.0
986,197.87319282848088
987,0.0
988,0.0
989,17.547022467266032
990,0.0
991,11.471581378241673
992,0.0
993,19.23772810419323
994,0.06809127937952364
995,62126.1773298969
996,61.76895530434356
997,8.977119267147806
998,16.4474045348099
999,0.0
1000,0.11599130131744584
1001,0.0
1002,0.0
1003,24.207063245968403
1004,0.056988196535105784
1005,4.045275278739296
1006,0.0
1007,0.0
1008,0.0
1009,36.341886328339015
1010,0.0
1011,0.0
1012,9.331012338768327
1013,0.0
1014,0.0
1015,0.0
1016,0.0
1017,0.0
1018,0.0
1019,18.301039068524325
1020,0.0
1021,0.8921350602373777
1022,0.0
1023,66.09095775761834
1024,26.35654478148613
1025,0.01984480408899092
1026,0.0
1027,32.58103161782817
1028,0.0
1029,3.0000000152372346
1030,575.9998684568793
1031,0.0
1032,8.518862085083398
1033,0.0
1034,0.0
1035,0.0
1036,0.09487991283026909
1037,136.00001054619085
1038,454.72020154311645
1039,0.0
1040,0.0
1041,0.0
1042,431.00792789556334
1043,0.0
1044,0.0017343702394658767
1045,18.91407268838273
1046,22.006272455862
1047,0.0
1048,60.11922091790641
1049,0.0
1050,0.0
1051,0.0
1052,3.550855124663266
1053,2.3623734115975377
1054,0.0
1055,105.51142533038295
1056,0.0
1057,0.0
1058,0.0
1059,0.0
1060,20.74657146231704
1061,0.2550272227161694
1062,11.70287939724959
1063,0.0
1064,0.0
1065,17.999999148034917
1066,0.0034717485190591812
1067,0.044273782551725205
1068,0.0
1069,0.0
1070,0.0
1071,0.0
1072,1335.4419989036849
1073,0.0
1074,5.408639647872199
1075,88.87347305009335
1076,0.7709432729334535
1077,0.0
1078,0.0
1079,69.19062960714324
1080,0.0
1081,0.0
1082,0.0
1083,0.0
1084,56.335362721446266
1085,0.0
1086,0.25148009601719234
1087,0.0
1088,1.3182804976167501
1089,1.973707842754286
1090,0.0
1091,0.0
1092,91.33579226267895
1093,0.0
1094,17.934532520400662
1095,18.7878823802768
1096,0.0
1097,0.0
1098,0.0
1099,1.7762359412037325
1100,0.0
1101,74.9999968816471
1102,0.0
1103,0.0
1104,0.0
1105,266.54581660686495
1106,0.0
1107,0.0
1108,230.8454626918753
1109,0.0
1110,1.6670848336791377
1111,0.0
1112,0.008999047588561737
1113,23.822521741262776
1114,0.0040317003815164565
1115,0.0
1116,0.0
1117,0.0
1118,17.999999148034917
1119,0.0
1120,0.0
1121,0.0
1122,0.0
1123,1.0463820483911404
1124,9.548719973540901
1125,3.5570033403406702
1126,180.48413689277734
1127,0.004489446230552474
1128,0.0
1129,0.0
1130,0.0
1131,1017.8829026945962
1132,0.0
1133,0.0
1134,0.0
1135,0.0
1136,0.0
1137,0.0
1138,27.973470672172873
1139,0.009387967359368421
1140,0.0
1141,0.0
1142,178.18101047155469
1143,0.0
1144,53.81037760126904
1145,0.0
1146,0.0
1147,0.0
1148,0.0
1149,0.0
1150,4.184110902008056
1151,14.565080259279132
1152,0.0
1153,0.6047267129091707
1154,0.0
1155,0.0
1156,0.8508789383582454
1157,124.9999835540709
1158,0.04192475883090907
1159,0.0
1160,0.0
1161,0.0
1162,0.0
1163,0.0
1164,124.98480308174223
1165,0.0
1166,33.29916486010381
1167,0.011579454421627
1168,0.0
1169,0.0017343702394658767
1170,10.0000006968803
1171,1.6970453501198315
1172,35.422555713037
1173,0.0
1174,21.476511126676893
1175,1.4167839401837208
1176,47.91900600286578
1177,107.72367806345795
1178,0.0
1179,2.0110177692175215
1180,0.0
1181,0.005212140055835368
1182,0.0
1183,0.0
1184,0.0
1185,0.0
1186,3292.0861830800127
1187,69.45643691988384
1188,0.0
1189,0.0
1190,0.0
1191,0.0
1192,0.0
1193,21.94105065275941
1194,0.0
1195,4.6539801197052535
1196,0.0
1197,0.0
1198,17.999999148034917
1199,0.0
1200,36.736921546198914
1201,0.0
1202,1252.792492469979
1203,0.08110001806591494
1204,0.20803172552840454
1205,0.0
1206,0.0
1207,0.0
1208,0.0
1209,0.0
1210,65.64803801864115
1211,31.849147440933272
1212,0.0
1213,1.3285285544702559
1214,0.0034717485190591812
1215,8.3782756755772
1216,0.0
1217,36.13362728183395
1218,2.8035866132677185
1219,0.0
1220,1.6583889248276122
1221,0.0
1222,0.0
1223,65.5036749688368
1224,0.0
1225,0.0
1226,0.28875242763411424
1227,0.0
1228,0.0
1229,0.0
1230,0.0
1231,36.82865288277881
1232,0.0
1233,167.05641578134305
1234,1.1202108280735295
1235,0.0
1236,0.0
1237,11.54686763199063
1238,0.0
1239,0.0
1240,0.0
1241,34.94856240091924
1242,0.0
1243,0.02057854553886651
1244,0.006231602831952232
1245,0.0
1246,0.0
1247,0.0
1248,0.010451446515632234
1249,0.023127901493821046
1250,60.84006577406951
1251,0.0
1252,7.975708031309987
1253,0.0
1254,0.0
1255,3.7670220613423977
1256,62.52750171714277
1257,0.6981482445116161
1258,271.8009530317303
1259,0.0
1260,0.0
1261,0.0
1262,0.7755977955152247
1263,0.0
1264,0.07472116766381509
1265,0.0
1266,0.0
1267,0.0
1268,412.9501077303853
1269,0.0
1270,14693.681510367664
1271,186.03090876953345
1272,0.0
1273,0.0
1274,179.94843526730725
1275,122.75525445104167
1276,0.0
1277,0.0
1278,0.0
1279,0.0
1280,252.0000201391391
1281,0.0
1282,0.0
1283,0.0
1284,0.0
1285,0.0
1286,0.0017343702394658767
1287,0.0
1288,0.016748178611289077
1289,0.0
1290,0.0
1291,0.0
1292,0.0
1293,1532.2838877802772
1294,410.50227517800164
1295,0.0
1296,0.0
1297,0.0
1298,0.0
1299,0.6642332674357667
1300,10.985345287973495
1301,0.0
1302,1.1566817896316612
1303,0.0
1304,0.0
1305,0.0
1306,0.4742692188635662
1307,56.95689968198866
1308,0.0
1309,0.0
1310,0.0
1311,2.767619501216269
1312,0.0
1313,0.0
1314,0.06068774153993761
1315,3.723701255548529
1316,50.920210751802486
1317,0.0
1318,12.005452441493011
1319,1394.7600060464206
1320,0.0
1321,1.113794154484899
1322,0.0
1323,37.982885641958134
1324,94.12279817109707
1325,0.0
1326,0.0
1327,0.0
1328,0.08382946758948417
1329,1841.3856031268238
1330,0.0
1331,630.999912390159
1332,0.0
1333,0.06318930796680644
1334,98.60713057615416
1335,0.0
1336,0.0017343702394658767
1337,0.0
1338,0.0
1339,0.0
1340,0.0
1341,0.0
1342,0.0
1343,3.91937723036056
1344,19.269450070886588
1345,0.0
1346,27.09473177660278
1347,0.0
1348,58.18434390449342
1349,0.0
1350,1.6400796547197696
1351,0.0
1352,10.066140871249086
1353,43.0808187365431
1354,0.05885130135484817
1355,1.0026179567181366
1356,0.0
1357,0.0
1358,0.0
1359,0.0
1360,0.0
1361,0.0
1362,0.0
1363,1.571970450794843
1364,170.8362221062148
1365,139.2597206930191
1366,0.5698474677041929
1367,16.297950588798038
1368,0.0
1369,0.5888506617736555
1370,0.0
1371,0.0
1372,244.9999951620426
1373,0.0
1374,51.13688880450024
1375,0.0
1376,0.0
1377,0.0
1378,0.0
1379,0.0
1380,71.05427849646392
1381,0.023292992607956586
1382,0.0
1383,0.0
1384,110.15328531868406
1385,0.0
1386,0.0
1387,0.047684960696408485
1388,0.0
1389,22.57948092153049
1390,1.7624984293573753
1391,0.0
1392,0.0
1393,0.0
1394,0.0
1395,143.66352404196223
1396,0.0
1397,0.0
1398,0.057948166923810884
1399,8.147192543363165
1400,252.0000201391391
1401,1.0417922181808996
1402,0.2802237165059942
1403,1.426167009948914
1404,0.012502038537759441
1405,0.0
1406,1162.397498893208
1407,0.0
1408,0.0
1409,133.0000298940446
1410,7.997035379017241
1411,0.0
1412,0.0
1413,0.0
1414,0.0017343702394658767
1415,1.0052523751170463
1416,0.0
1417,0.07673591394426338
1418,74.9999968816471
1419,0.0
1420,249.52220964643888
1421,0.0
1422,120.99998010418983
1423,0.0
1424,0.0
1425,0.0
1426,1.3261505969150176
1427,4.360333118327274
1428,0.0
1429,0.0
1430,2.6350494587157938
1431,0.0
1432,0.0
1433,220.0061396290521
1434,15.782147312748553
1435,0.0
1436,0.0
1437,3.908506128926212
1438,1.7799934161362252
1439,230.28179298446122
1440,0.0
1441,2.6771208949168734
1442,0.0
1443,0.0
1444,0.0
1445,0.0
1446,0.0
1447,0.0
1448,3.416114685909294
1449,0.0034717485190591812
1450,0.0
1451,311.56077481985307
1452,0.0
1453,3.1647797537741926
1454,24.411521518535984
1455,0.0
1456,43.7087809650132
1457,0.0
1458,1.0455065974536475
1459,0.0
1460,0.0
1461,0.12229249073189852
1462,0.019244378648462845
1463,0.0
1464,8.423409070089905
1465,0.0
1466,0.0
1467,104.09476726698938
1468,0.0
1469,214.4238698690038
1470,0.0
1471,0.0
1472,0.0
1473,0.0
1474,0.0
1475,0.0
1476,0.0
1477,0.0
1478,0.0
1479,38.1967108216399
1480,0.0
1481,167.99997181133423
1482,0.0
1483,0.0
1484,0.0
1485,0.0
1486,17.999999148034917
1487,0.0
1488,0.0
1489,0.3567061309992714
1490,0.17240454366568314
1491,0.0
1492,0.0
1493,68.09170391770208
1494,0.02188272232672306
1495,93.00001168854419
1496,75.99999162676387
1497,0.0
1498,0.0
1499,0.0
1500,2.000000059502263
1501,0.3081466014971386
1502,0.0
1503,74.9999968816471
1504,0.0
1505,0.0
1506,0.3425920105510525
1507,74.9999968816471
1508,0.0
1509,0.0
1510,0.0
1511,0.0040317003815164565
1512,0.0
1513,16.912171673162415
1514,0.0
1515,0.0
1516,0.0
1517,0.0
1518,0.035264923939968496
1519,5.903367675064629
1520,4.974102020823393
1521,0.0
1522,0.0
1523,0.0
1524,3.183189775074526
1525,0.0
1526,1.266530270908652
1527,1.244025422926029
1528,1.1231817699218403
1529,0.0
1530,0.0
1531,40.62527001519388
1532,0.0
1533,0.0
1534,0.0
1535,2.208112186802673
1536,0.0
1537,193.69411593180828
1538,0.07286043046212098
1539,904.336878644774
1540,148.71291423498658
1541,92.57978745250134
1542,2.0979087126386147
1543,0.33867413893443277
1544,296.00003648794177
1545,0.7235295414198495
1546,0.0
1547,989.324969291835
1548,31.772267015974002
1549,0.0
1550,0.0
1551,0.0
1552,0.0
1553,0.0
1554,0.0
1555,0.0
1556,0.0
1557,989.9849895951685
1558,0.0
1559,0.0
1560,0.011046692138385383
1561,99.07974889959549
1562,0.0
1563,935.0262733268983
1564,0.822686826155588
1565,0.0034717485190591812
1566,0.11342161855739219
1567,17.93910190414181
1568,618.6968075412376
1569,0.0
1570,110.45166049283634
1571,0.0
1572,28.744446880839526
1573,0.0
1574,0.0
1575,0.0
1576,58.51220930027568
1577,0.0
1578,0.0
1579,26.863920143246027
1580,6.496284436346289
1581,75.99999162676387
1582,0.0
1583,0.0
1584,0.0
1585,1.0013880694802166
1586,0.0
1587,0.06068774153993761
1588,3.288674130385881
1589,0.0
1590,1.0673330818860132
1591,0.0
1592,0.0034717485190591812
1593,0.0
1594,0.0
1595,0.0
1596,0.0
1597,0.0
1598,1.2184181151340003
1599,2.331323429903362
1600,0.0
1601,0.0
1602,5.986055266210391
1603,0.0
1604,74.62237096204468
1605,0.0
1606,0.0
1607,328.7258031088453
1608,133.0000298940446
1609,0.0
1610,18.12189289583337
1611,0.9347845755124011
1612,3.109281872053221
1613,0.0
1614,7.225903398875266
1615,0.0
1616,0.0
1617,66.18104920323711
1618,60.86967421287143
1619,32.92507024283214
1620,0.0
1621,3.0000000152372346
1622,23.399765514954254
1623,0.12896440518243146
1624,3.1096200541785235
1625,0.0
1626,119.91797552132157
1627,0.0
1628,139.7737405709532
1629,188.22126108376384
1630,0.0
1631,0.0
1632,54.27100250634793
1633,0.0
1634,0.0
1635,0.0
1636,0.0
1637,69.39445283607913
1638,8.876482838791006
1639,17.108062880065873
1640,0.0
1641,0.008999047588561737
1642,0.0
1643,63.301707504477605
1644,0.0
1645,0.0
1646,0.0
1647,0.0
1648,1.0312840839166233
1649,0.0
1650,0.0
1651,4.825022727512876
1652,0.0
1653,0.0
1654,0.0
1655,0.0
1656,0.0
1657,0.0
1658,0.0
1659,0.0
1660,0.005212140055835368
1661,0.0
1662,0.0
1663,0.0
1664,0.0
1665,105.98152676642813
1666,1.183102285686617
1667,0.0
1668,0.0
1669,0.0
1670,27.277748686430385
1671,0.0
1672,905.2824070409946
1673,0.0
1674,1.0757676214807441
1675,0.0
1676,55.77645295193052
1677,0.0
1678,0.005212140055835368
1679,0.03767137730640102
1680,0.0
1681,16.74857087149186
1682,0.005212140055835368
1683,67788.10927991776
1684,7.593968673750322
1685,0.0
1686,0.0
1687,0.06544964212298732
1688,0.0
1689,12.218582643435512
1690,17.999999148034917
1691,0.0
1692,0.0
1693,2.3562528884072527
1694,0.0
1695,1.3380012789655944
1696,105.28079881987544
1697,0.0
1698,0.0
1699,0.0
1700,0.0
1701,1.0000000038093084
1702,0.0
1703,0.25527868398916587
1704,0.0
1705,0.0
1706,0.0
1707,0.0
1708,47.88095955654149
1709,29.386767950734008
1710,4.3280630372177145
1711,131.71598019920674
1712,9.614662399739787
1713,167.99997181133423
1714,2.6699935828080164
1715,0.0
1716,252.114822290403
1717,245.65594668922486
1718,232.7478927917859
1719,9.314880793707362
1720,0.0
1721,154.84471774317578
1722,74.9999968816471
1723,88.70324898723042
1724,0.0
1725,1.4276030182083619
1726,0.0
1727,0.0017343702394658767
1728,0.0
1729,11.343481708525593
1730,0.0
1731,10.0000006968803
1732,0.0017343702394658767
1733,0.0
1734,122.015833834578
1735,0.0
1736,66.6908134472761
1737,0.0
1738,0.0
1739,9.189964201636489
1740,10.281938436444237
1741,0.0
1742,0.0
1743,0.0
1744,0.0
1745,0.0
1746,0.0
1747,0.0
1748,0.30252093140578995
1749,0.0
1750,0.0
1751,0.0
1752,3.8419001188901003
1753,18.13873587237287
1754,15.734682055928829
1755,0.0
1756,116.86890647067835
1757,0.0
1758,0.08907785596018591
1759,109.59124037951625
1760,0.0
1761,0.04044831699143536
1762,0.0
1763,0.0
1764,1.1627042561920597
1765,59.876144912388746
1766,70.35538478988178
1767,0.028113826734394554
1768,0.0
1769,0.0
1770,0.0
1771,0.0
1772,0.0
1773,47.73386064749337
1774,18.281439759062156
1775,0.0
1776,0.0
1777,0.0
1778,8.31706620299535
1779,1385.0694431933896
1780,0.0
1781,74.6337221452512
1782,989.8699544201183
1783,0.0
1784,0.0
1785,205.37812311380134
1786,0.0
1787,292.95979745018417
1788,54.15954160034592
1789,0.0
1790,4.428929208591922
1791,2.1029691181912558
1792,0.0
1793,0.0
1794,757.7597700597236
1795,1.0000000038093084
1796,90.92730233061569
1797,0.0
1798,0.0
1799,41.21984514747018
1800,5.70453668413296
1801,0.0
1802,647.69917422104
1803,0.0
1804,1.907096692990745
1805,0.0
1806,0.0
1807,5.5263075369956205
1808,0.0
1809,0.9145314626303627
1810,121.0049599108186
1811,12.123383449345654
1812,0.0
1813,8.18844621178046
1814,1.9487461339136645
1815,0.0
1816,0.0
1817,131.89803535990947
1818,0.0
1819,0.0
1820,2.456993117058966
1821,322.6836990932264
1822,0.0
1823,87.2338267379783
1824,0.49846825696558317
1825,5.004230055408735
1826,0.0
1827,0.0
1828,0.0
1829,0.0
1830,0.0
1831,0.0
1832,0.0
1833,0.04066086971843741
1834,0.0
1835,0.010451446515632234
1836,3.670261418746329
1837,0.0
1838,10.066140871249086
1839,0.0
1840,1017.9904456817504
1841,1007.1390769582499
1842,0.9965372689879917
1843,0.0
1844,0.0
1845,0.0
1846,71.41923160530371
1847,0.0
1848,0.0
1849,0.0
1850,0.0
1851,1.1644447627742252
1852,0.0
1853,0.0
1854,217.81606182176455
1855,0.0
1856,0.03350751265805041
1857,0.0
1858,0.0
1859,45.88614347319079
1860,0.0
1861,0.0034717485190591812
1862,0.04576208868265508
1863,0.0
1864,296.00003648794177
1865,0.0
1866,3.3915311873547145
1867,0.0
1868,0.0
1869,0.0
1870,0.0
1871,32.1443360658415
1872,0.0
1873,0.0
1874,0.0
1875,0.0
1876,0.0
1877,0.007976780977913878
1878,1.0000000038093084
1879,1.0000000038093084
1880,0.0
1881,0.5640381253125346
1882,0.0
1883,0.0
1884,53.42732929254568
1885,0.0
1886,0.024121737592924575
1887,610.4726790167333
1888,0.0
1889,0.0
1890,0.0
1891,0.0
1892,0.0
1893,114.5814908564865
1894,0.0
1895,0.0
1896,0.0
1897,975.2580445217816
1898,0.0
1899,0.0
1900,0.0
1901,26.28309912420004
1902,0.0
1903,0.0
1904,0.0
1905,0.0
1906,8.010634684581799
1907,212.20943077309795
1908,15.476973827671493
1909,0.0
1910,0.0
1911,0.0
1912,0.0
1913,0.0
1914,0.0
1915,0.0
1916,245.00748031262012
1917,58.99957239008111
1918,1.0006829285414027
1919,2.2669119206113932
1920,0.0034717485190591812
1921,0.0
1922,0.0
1923,0.0
1924,1.2233333348368203
1925,2.4372333057354507
1926,1.0179980990207125
1927,11.130348534105295
1928,73.84102593916147
1929,0.0
1930,0.0
1931,42.560543405326875
1932,0.0
1933,0.0
1934,0.010749025508348664
1935,0.0
1936,90.31864336245867
1937,27.07556789768218
1938,12.657336913189715
1939,0.0
1940,1.0124632094969508
1941,0.0
1942,0.0
1943,0.20026222138711725
1944,4.558555941220041
1945,0.0
1946,0.0
1947,93.00001168854419
1948,52.023729504985674
1949,0.0
1950,935.0262733268983
1951,989.0821757070242
1952,0.6535937705705384
1953,0.0
1954,0.1952496906305472
1955,0.0
1956,0.0
1957,977.4748384800292
1958,0.05341015286476902
1959,0.0
1960,231.43035881361303
1961,2.6672424085175446
1962,0.012203943432893993
1963,17.37189216270087
1964,0.0
1965,0.0
1966,1.0605526339795448
1967,935.0262733268983
1968,172.54814965471542
1969,2.000000059502263
1970,502.4771597638633
1971,0.0
1972,1.9969606117445071
1973,0.024963153493559487
1974,0.0
1975,0.013899362813276195
1976,0.998687393283368
1977,26.143516827637004
1978,0.0
1979,493.1274448437352
1980,0.0
1981,0.08023702101154817
1982,57.797812113147124
1983,0.2571487609824621
1984,0.0
1985,1130.4211814195653
1986,0.0
1987,4.425699039201759
1988,0.0
1989,0.0
1990,0.0
1991,0.0
1992,0.0
1993,0.0
1994,0.0
1995,21.10644473420922
1996,0.0017343702394658767
1997,0.0
1998,0.0
1999,0.0
2000,0.0
2001,17.28478366601676
2002,0.006955550075897765
2003,0.0034717485190591812
2004,2.986815519792319
2005,0.0
2006,0.0
2007,33.770678236830854
2008,0.0
2009,1204.5209396041996
2010,9.098022159380822
2011,0.0
2012,0.002750305942310849
2013,0.002750305942310849
2014,54.55285947739005
2015,0.0
2016,1.0000000038093084
2017,0.0
2018,0.0
2019,1.0000000038093084
2020,0.13288388568419407
2021,0.0
2022,4.792930256295266
2023,0.0
2024,0.0034717485190591812
2025,243.57251851595694
2026,7.10955415762786
2027,0.0
2028,915.8002016815336
2029,2.000000059502263
2030,14.221481849273149
2031,74.9999968816471
2032,0.0
2033,0.0
2034,252.0000201391391
2035,0.0
2036,553.6195886183032
2037,0.22798363046203907
2038,0.0
2039,0.0
2040,0.30449992449410823
2041,0.0
2042,30.11097049026366
2043,4.858618237945899
2044,0.002750305942310849
2045,0.0
2046,0.5651742878030843
2047,0.0
2048,50.09251203820536
2049,0.0
2050,0.0
2051,0.0
2052,30.256702235726323
2053,807.3401765395241
2054,0.0
2055,13.078323180310843
2056,1.0516163143109885
2057,0.0
2058,0.0
2059,0.0
2060,0.008701983814414449
2061,0.0
2062,0.0
2063,1.0000000038093084
2064,0.0
2065,0.0
2066,0.02633378396372965
2067,0.0
2068,13.32772134925596
2069,16.241814371167766
2070,0.0
2071,0.0
2072,0.0
2073,0.0
2074,40.287370728279285
2075,0.25254928497114437
2076,0.0
2077,0.0
2078,0.0
2079,0.0
2080,287.04299211478417
2081,74.70308243104486
2082,0.0
2083,0.0
2084,0.0
2085,1.0381429395979338
2086,14.892489142205736
2087,0.0
2088,0.0
2089,0.0
2090,0.07177346274042895
2091,0.0
2092,0.5798321637366102
2093,0.0
2094,102.84908644017395
2095,1152.2128989773173
2096,0.010451446515632234
2097,0.0
2098,0.0
2099,0.0
2100,10.773672112410882
2101,0.0
2102,13.586276219067283
2103,0.0
2104,4.302369797479044
2105,0.17964243477876884
2106,14.209975997427687
2107,2.6954049211000193
2108,0.0
2109,0.0
2110,0.0
2111,0.06642737533484122
2112,486.9485391955346
2113,0.12344135268892376
2114,0.0
2115,0.0
2116,72.65235560628545
2117,0.0
2118,0.0017343702394658767
2119,0.0
2120,0.0034717485190591812
2121,1.4068950578171355
2122,0.0
2123,0.0
2124,1.136849396315145
2125,736.9105229357307
2126,0.0
2127,109.51225979503175
2128,0.0
2129,11.935041307718553
2130,5.9522660638243
2131,0.0
2132,0.0
2133,0.0
2134,0.0
2135,0.11182121274893286
2136,0.005212140055835368
2137,0.0
2138,0.0
2139,0.0
2140,0.0
2141,42.929917169357154
2142,0.0
2143,0.0
2144,0.0
2145,0.0
2146,0.0
2147,0.0
2148,0.046215496566036185
2149,0.0
2150,6.494637792715228
2151,0.0
2152,0.0
2153,97.35753798784137
2154,575.9998684568793
2155,0.0
2156,0.0
2157,0.0
2158,0.0
2159,0.0
2160,6.290912368027437
2161,38.700549228292495
2162,48.978214216194424
2163,0.0
2164,0.0
2165,145.58212307120903
2166,0.0
2167,0.0
2168,1017.9804412041159
2169,27.724311407028416
2170,0.0
2171,0.0
2172,7.077548968797478
2173,0.0
2174,0.028444389355366306
2175,0.0017343702394658767
2176,0.0
2177,0.0765851320727351
2178,0.0
2179,6.818088660153763
2180,14.473591171069643
2181,4.871728923854247
2182,0.11728713841270721
2183,0.0
2184,14.512922136864109
2185,0.038859103406491124
2186,20.231826009171826
2187,0.9961560510535536
2188,0.0
2189,0.0
2190,489.3006537480342
2191,4.020948285356329
2192,0.0
2193,0.0
2194,236.82478259327192
2195,0.0
2196,0.0
2197,5733.831005533718
2198,526.9590217225758
2199,8.82111772471525
2200,0.0
2201,0.0
2202,0.0
2203,0.0
2204,0.0
2205,29.682749341484612
2206,0.0
2207,15.698246177657115
2208,116.68768169300184
2209,1.0150974764485396
2210,34.14262140307703
2211,0.0
2212,130.31081201039342
2213,0.0
2214,0.0
2215,0.0
2216,1.0000000038093084
2217,0.0
2218,0.0
2219,4.1569604203735855
2220,11.26582040488082
2221,0.5345052213017389
2222,0.0
2223,0.11922492797450812
2224,22.724392441009524
2225,760.0051362294278
2226,1.300853986166162
2227,60.99205425317952
2228,0.0
2229,0.0034717485190591812
2230,3.9767336511033946
2231,6.449408087333191
2232,21.473238842018656
2233,33.59274014230553
2234,0.0
2235,0.0
2236,0.0
2237,0.0
2238,48.62960697312426
2239,0.0
2240,0.0
2241,0.0
2242,699.545366903976
2243,0.0
2244,716.1949292545718
2245,0.0
2246,0.21841026433657662
2247,49.465259784304735
2248,0.5729395137953888
2249,3.2876116037651633
2250,0.0
2251,18.047318076467562
2252,499.722459979419
2253,28.060625423531125
2254,64948.130319898126
2255,0.0
2256,0.0
2257,75.51416745127727
2258,0.0
2259,0.0
2260,47.28795012652999
2261,0.0
2262,0.0
2263,1233.765992819435
2264,0.005212140055835368
2265,3.0288875009318366
2266,0.21286317121182785
2267,101.63141792024162
2268,9.355485451091337
2269,0.0
2270,0.0
2271,27.08105463732657
2272,0.0
2273,0.0
2274,0.0
2275,0.0
2276,0.0
2277,1.1476564245461107
2278,222.364777586173
2279,0.0
2280,0.0
2281,0.0
2282,0.0
2283,0.44852263264369463
2284,0.0
2285,0.07343276643984376
2286,19.197519508683637
2287,1.5010941652852359
2288,24.736288655929453
2289,0.0
2290,0.0
2291,296.00003648794177
2292,0.0
2293,0.0
2294,67.80410113152213
2295,0.0
2296,10.405720241638878
2297,1.0000000038093084
2298,466.42837466797886
2299,0.0
2300,0.0
2301,0.0
2302,0.0
2303,0.028113826734394554
2304,0.0
2305,3.408390357804479
2306,0.0
2307,0.008999047588561737
2308,0.0
2309,5.591958997748353
2310,0.0
2311,13.438423486279872
2312,0.2589080732022444
2313,0.0
2314,120.90397750837718
2315,574.9894797103155
2316,21.737181141354483
2317,2.9529366046485466
2318,13.72788573510561
2319,0.01741936642459807
2320,11.7692494426423
2321,0.0
2322,0.0
2323,0.0
2324,0.7926224880477499
2325,4.96888944267941
2326,2.4623191526894943
2327,59.2914442414851
2328,0.0
2329,0.6952081259882017
2330,0.30593347525555936
2331,0.0
2332,0.0
2333,0.0
2334,0.0
2335,0.0
2336,0.0
2337,2.9804283617540266
2338,0.0
2339,0.0
2340,0.0
2341,0.0
2342,9.939795648092886
2343,0.0
2344,255.29536703479118
2345,0.0
2346,9.194496948967688
2347,0.0
2348,617.4715647083499
2349,0.0
2350,0.0
2351,0.0691486153401597
2352,17.999999148034917
2353,40.71599027133381
2354,0.0
2355,0.0
2356,105.31628098894686
2357,0.0
2358,0.0
2359,0.0
2360,393.2976924259788
2361,114.62422560309795
2362,0.0
2363,0.0
2364,0.0
2365,0.0
2366,0.0
2367,14471.81509652859
2368,0.0
2369,18.447641376074102
2370,44.99503011312476
2371,0.0
2372,25.461754109021648
2373,0.0
2374,58.78950940754762
2375,0.0
2376,3.3738995237403424
2377,0.0
2378,0.0
2379,1000.4205575846095
2380,11.303595640525606
2381,0.0
2382,1.4551406648052936
2383,0.0
2384,0.2744480034570964
2385,0.0
2386,0.0
2387,3.517037008550525
2388,66574.84335355659
2389,0.0
2390,0.08297504576313441
2391,0.0
2392,0.0
2393,0.0
2394,0.0
2395,66.43033870568446
2396,0.005212140055835368
2397,1021.4397311319182
2398,2.8627401307847116
2399,0.0
2400,0.0
2401,4.395924172628656
2402,0.0
2403,0.0
2404,0.0
2405,0.0
2406,27.08216607029045
2407,0.0
2408,8751.89840104662
2409,1.6052074681538806
2410,0.0
2411,0.0
2412,0.0
2413,0.0
2414,0.005212140055835368
2415,10.064733942445939
2416,0.0
2417,0.0
2418,0.0
2419,0.0
2420,115.04411138313927
2421,1.9164909754409876
2422,0.0
2423,0.0
2424,0.010451446515632234
2425,0.0
2426,72.71426912251555
2427,0.0
2428,0.0
2429,0.0
2430,0.0
2431,0.0
2432,15.015654394830577
2433,0.0
2434,42.68313408975901
2435,0.0
2436,5.015344487170907
2437,0.0
2438,0.0017343702394658767
2439,0.0
2440,933.7490219477205
2441,3.46928815170203
2442,0.0
2443,0.0
2444,5821.253287640102
2445,0.013959479828653976
2446,0.0
2447,0.0
2448,0.0
2449,0.0
2450,0.0
2451,0.0
2452,0.0
2453,28.211787898479205
2454,0.0
2455,2.115336071999697
2456,0.0
2457,1.2454039104085841
2458,0.0
2459,0.0
2460,0.0
2461,18.477609471608126
2462,0.0
2463,17.756024905085265
2464,0.0
2465,90.80130203714289
2466,0.0
2467,0.0
2468,0.0
2469,0.0
2470,0.005212140055835368
2471,0.0
2472,0.0
2473,134.12878910175624
2474,447.1738749463122
2475,15.188059416476573
2476,0.0
2477,0.0
2478,0.0
2479,0.0
2480,0.0
2481,0.14006634487041336
2482,5090.646215109094
2483,292.95979745018417
2484,0.0
2485,0.0
2486,0.0
2487,0.0
2488,0.0
2489,0.0
2490,13.057502086187009
2491,0.0
2492,0.0
2493,0.0
2494,0.044246249472455146
2495,0.0
2496,0.0
2497,13.21092377986263
2498,3.1059357088771584
2499,0.0
2500,3.6467859185405054
2501,18540.944823109996
2502,0.0
2503,0.0
2504,0.0
2505,0.0
2506,0.0
2507,0.04745424047510438
2508,0.0
2509,0.0
2510,1.0602803301809547
2511,0.0
2512,0.0
2513,0.0
2514,0.39038917858903943
2515,0.08847783658750563
2516,31.34371711661401
2517,0.0
2518,0.0
2519,4.2715419057053285
2520,0.005212140055835368
2521,1.7948314369030758
2522,17.999999148034917
2523,0.4833116260520056
2524,167.99997181133423
2525,130.80161094588289
2526,58.44702942441797
2527,0.0
2528,0.0
2529,0.0
2530,0.0
2531,0.0
2532,0.0
2533,0.01101529315130878
2534,0.0
2535,18.982001431207955
2536,0.0
2537,0.37249129905277445
2538,0.0
2539,0.0
2540,54.64971895254516
2541,0.0
2542,0.0
2543,0.02920052760579228
2544,41.257552838194904
2545,0.0
2546,0.0
2547,0.002750305942310849
2548,0.0017343702394658767
2549,3.0940493572238736
2550,0.0
2551,0.0
2552,1.2034917324893923
2553,5.7518482149465076
2554,3.0370683427219323
2555,0.0
2556,0.0
2557,3.008117543445085
2558,4.323954692092736
2559,2.160746898581053
2560,3.854451417006815
2561,0.0
2562,0.0
2563,630.999912390159
2564,268.5279495476335
2565,20.02639093200211
2566,0.0
2567,0.0
2568,0.0
2569,0.0
2570,0.0
2571,0.05518795413774136
2572,0.0
2573,244.9999951620426
2574,0.05447020116603385
2575,0.0
2576,0.0
2577,0.0
2578,0.0017343702394658767
2579,147.18313927911004
2580,0.0
2581,0.0
2582,0.0
2583,1.439567921235477
2584,0.0
2585,575.9998684568793
2586,0.0
2587,0.0
2588,9.848969828519152
2589,3.8446186716851187
2590,0.0
2591,3.5162356517682287
2592,0.0
2593,0.0
2594,0.0
2595,0.0
2596,0.0
2597,0.0
2598,80.1671736197013
2599,0.2110497130568605
2600,0.0
2601,1.6441690355498437
2602,0.007252099523508804
2603,0.0
2604,0.022877315729214587
2605,0.0
2606,0.0
2607,0.008999047588561737
2608,0.0
2609,17.999999148034917
2610,59.33691541175618
2611,0.0
2612,0.0245568231011013
2613,0.0
2614,281.27219817656606
2615,0.0245568231011013
2616,0.0
2617,0.7514661648224858
2618,79.25844537004994
2619,0.0
2620,0.0
2621,0.0
2622,0.0
2623,0.0
2624,11.36961904947578
2625,0.17629354180473378
2626,0.0
2627,0.0
2628,300.48792430314955
2629,0.0
2630,10.0000006968803
2631,0.0
2632,5.863322469133868
2633,0.0
2634,0.0
2635,0.0
2636,0.0
2637,0.0
2638,0.0
2639,0.0
2640,0.0
2641,0.0
2642,67.25572988936263
2643,11.434938761792118
2644,0.0
2645,1206.8150760480592
2646,0.0
2647,0.15714787010195153
2648,0.0
2649,0.0
2650,10.0000006968803
2651,15.653933948894892
2652,126.79852423759185
2653,70.47811160774465
2654,17.63545580916445
2655,0.0
2656,0.0
2657,0.03767137730640102
2658,0.0
2659,0.002750305942310849
2660,0.0
2661,65.80153957873955
2662,3.0000000152372346
2663,14.012771584202666
2664,13.627312615533127
2665,0.0
2666,0.0
2667,0.0
2668,74.9999968816471
2669,0.0
2670,1.7377157630594122
2671,1.1064476097204223
2672,0.0
2673,14.782086574413883
2674,49.38949863375165
2675,0.020278072594638985
2676,4.387245229608847
2677,0.0
2678,0.0
2679,0.0
2680,0.0
2681,0.0
2682,10.563048198131103
2683,81.26057343617181
2684,57.13308474420796
2685,0.0
2686,630.999912390159
2687,0.0
2688,0.0
2689,177.55804184088905
2690,0.0
2691,0.316149447234197
2692,0.0
2693,0.0
2694,5.235367472078756
2695,126.4470434996466
2696,4.2245138177372175
2697,0.0
2698,85.69089098065578
2699,0.0
2700,251.21286063929787
2701,0.0
2702,0.0
2703,0.0
2704,0.0034717485190591812
2705,0.0
2706,1.0000000038093084
2707,0.0
2708,0.0
2709,0.0
2710,0.0
2711,27.451975636925916
2712,0.052354115163113946
2713,0.0
2714,0.0
2715,0.0
2716,0.012203943432893993
2717,524.6552439686733
2718,0.0
2719,1.2494843509854499
2720,0.0
2721,15.341467799700322
2722,0.0
2723,264.4951194316978
2724,0.0
2725,2.745977507295294
2726,0.0
2727,0.016017190990597285
2728,0.002750305942310849
2729,0.0961018018718427
2730,0.0
2731,0.0
2732,0.0
2733,0.0
2734,3.550511260513945
2735,0.012203943432893993
2736,4.000000150353914
2737,2.065633969639712
2738,309.64161711037514
2739,0.16211920697571092
2740,36.972773007832686
2741,0.0
2742,0.0
2743,89.40251004309918
2744,94.0656761621749
2745,0.0
2746,0.0245568231011013
2747,3.9936189052336104
2748,131.02627072062037
2749,7.264523332799113
2750,0.0
2751,97.2646167350952
2752,0.0
2753,0.0
2754,0.0
2755,0.0
2756,0.0
2757,0.0
2758,0.0
2759,0.006955550075897765
2760,0.0
2761,0.0
2762,0.0
2763,894.3277443432372
2764,73.24445601247919
2765,3.7962072603953434
2766,0.0
2767,5.312738228075564
2768,0.0
2769,0.0
2770,0.0
2771,1.0141791965116935
2772,0.0
2773,12.452733123694909
2774,1.9935805168022411
2775,0.0
2776,0.0
2777,0.0
2778,0.0
2779,0.0
2780,4.897259160489977
2781,41.329137917855434
2782,0.0
2783,0.03811221921214658
2784,0.0
2785,308.02475006353563
2786,0.0
2787,0.0
2788,989.9874905081571
2789,20.336794458704915
2790,0.0
2791,0.0
2792,0.8124294206136728
2793,0.0
2794,0.7489869532989946
2795,8.461812307609707
2796,0.0
2797,32.602158950868635
2798,4.861097257285361
2799,0.0
2800,0.017479692151135096
2801,0.0
2802,0.0
2803,10.0000006968803
2804,0.5155190987090144
2805,0.0
2806,0.0
2807,6.692368430648414
2808,16.84947301530135
2809,11.322849512545167
2810,91.06304391349197
2811,0.0
2812,295.7438511880966
2813,0.0
2814,0.0
2815,0.0
2816,0.0
2817,0.0
2818,0.0
2819,1.0000000038093084
2820,0.004489446230552474
2821,173.5613650349265
2822,55.954929225965145
2823,0.0
2824,0.0
2825,0.03937717426053977
2826,0.0
2827,0.0
2828,0.0
2829,68.33274644980709
2830,0.0
2831,0.0
2832,0.010451446515632234
2833,99.49918635540554
2834,0.0
2835,0.0
2836,12.913584921737986
2837,0.0
2838,0.0
2839,0.03347249999267499
2840,0.0
2841,6.944116078243892
2842,0.0
2843,0.09544061956093586
2844,0.0
2845,0.022215413683971175
2846,0.27456062816892124
2847,0.0
2848,22.42995790387963
2849,84.84915439585464
2850,0.016728242872141807
2851,0.0
2852,136.00001054619085
2853,0.0
2854,0.0
2855,0.0
2856,0.0
2857,0.0
2858,0.5079595743802261
2859,81.19849272990128
2860,67791.14568954363
2861,0.0
2862,0.0034717485190591812
2863,55.59843546084289
2864,11.834778743589524
2865,0.0
2866,0.44881760077319743
2867,0.0017343702394658767
2868,0.0
2869,0.0
2870,0.0
2871,1017.9879445531327
2872,98.04064725936914
2873,0.24474448736827314
2874,1.024708260460395
2875,0.0
2876,3.9953803896016007
2877,0.0
2878,0.0
2879,8.091847359801383
2880,7665.470917023806
2881,0.008701983814414449
2882,64.46043189015035
2883,0.0
2884,10.050891878840956
2885,0.0
2886,1.0775228597423543
2887,54.31139468176904
2888,0.0
2889,165.38903982356106
2890,0.0
2891,11.342149956664816
2892,0.0
2893,0.0
2894,0.0
2895,1.0446436909658203
2896,0.0
2897,0.41051072862275695
2898,1355.2087989252698
2899,17.999999148034917
2900,0.0
2901,0.004489446230552474
2902,338.61307240447144
2903,0.0
2904,63691.96815032888
2905,0.0040317003815164565
2906,31.527663246861408
2907,0.0
2908,0.037060456614012915
2909,2.064973782176171
2910,1.0000000038093084
2911,0.04533286073727827
2912,1.199295384760366
2913,0.0
2914,0.9950655340622174
2915,0.0017343702394658767
2916,10.014044778418958
2917,0.0
2918,68.64144579565938
2919,0.0
2920,10.607496553916812
2921,0.9492472001653092
2922,291.9730051652841
2923,0.0
2924,0.7061531363486455
2925,14.278309296422782
2926,0.9237359398944389
2927,0.3334236685159122
2928,0.0
2929,0.0
2930,0.0
2931,424.7121148880385
2932,0.0
2933,0.0
2934,81.01321829259892
2935,0.0
2936,0.0
2937,1.7676398443292713
2938,0.0
2939,0.0
2940,84.64131362925453
2941,0.0
2942,0.0
2943,0.0
2944,0.0
2945,2.9203247611558747
2946,0.0
2947,1.4846533257280878
2948,0.0
2949,0.0
2950,2.043931386714682
2951,191.58895904080634
2952,0.0
2953,67791.14568954363
2954,0.0
2955,0.0
2956,0.0
2957,483.84093763133677
2958,0.0
2959,59.373012661018734
2960,0.005212140055835368
2961,4410.355987312175
2962,1.2739845503957055
2963,0.08297504576313441
2964,91.22760230247103
2965,0.0
2966,1.6908084938013803
2967,0.0
2968,0.0
2969,0.0
2970,5.245602369345565
2971,0.0
2972,0.08815737311929395
2973,0.0
2974,0.0
2975,0.0
2976,0.0
2977,0.0
2978,0.0
2979,0.0
2980,0.0017343702394658767
2981,3994.800844307771
2982,0.0
2983,0.0
2984,0.0
2985,6.72760736266771
2986,55.549387825748575
2987,0.0
2988,17.258552070509307
2989,0.0
2990,196.78376526321344
2991,1918.3772930356185
2992,0.0
2993,1137.3905288776448
2994,0.0
2995,0.0
2996,0.0
2997,0.0
2998,27.220568393560438
2999,109.48614762237133
3000,2.243695432730837
3001,0.0
3002,0.0
3003,0.0
3004,0.0
3005,6744.996370964732
3006,4.07642254430532
3007,0.0
3008,0.13698818108579824
3009,0.0
3010,3.8623693465095483
3011,3263.4567598461463
3012,180.38639086497315
3013,4091.856588502102
3014,0.004876627770653341
3015,1171.434098662912
3016,0.0
3017,0.6789521222120849
3018,0.0
3019,1.0159535657955225
3020,0.0
3021,167.9619103442137
3022,0.0
3023,4.776895237609043
3024,21.209539774583376
3025,185.3151477999566
3026,0.0
3027,0.0
3028,1.007419497158573
3029,67783.35936199201
3030,13.620549738183163
3031,0.0
3032,0.0
3033,1.6648539989640199
3034,120.77593239872151
3035,0.0
3036,0.0
3037,0.0
3038,55.37673592007671
3039,1.8023776521413284
3040,135.113289015383
3041,0.0
3042,0.1422601722156378
3043,0.0
3044,0.0
3045,606.5615524409362
3046,5.26485694993175
3047,0.0
3048,0.0
3049,0.0
3050,38.03147486207436
3051,0.0
3052,0.0
3053,0.006955550075897765
3054,48.51754201624774
3055,0.0
3056,9.124068862098841
3057,0.0
3058,0.0
3059,0.0
3060,2.087333230893232
3061,0.0
3062,0.10255423612503756
3063,3.516161867769739
3064,0.6012685777563673
3065,0.0
3066,0.0
3067,0.0
3068,5.602224763454221
3069,0.0
3070,0.0
3071,0.0
3072,0.0
3073,27.495385068173185
3074,1.0000000038093084
3075,109.85985755196535
3076,0.0
3077,0.0
3078,0.0
3079,0.6586390939350513
3080,18.452303883819646
3081,0.0
3082,195.9252269133409
3083,21.096006996104844
3084,0.0
3085,19.65977125854792
3086,0.0
3087,0.0
3088,0.0
3089,0.0
3090,3.0000000152372346
3091,33.07372961200044
3092,79.54931668911925
3093,0.0
3094,40.35850971055402
3095,0.0
3096,0.0
3097,103.44457242028612
3098,75.74901556634296
3099,146.0000224144259
3100,2.376373974102842
3101,0.0
3102,179.0469692887552
3103,0.09304259713629226
3104,44.51296165729748
3105,1.0000000038093084
3106,167.9872837030588
3107,0.0
3108,0.0
3109,1214.9249021803582
3110,0.0
3111,0.0
3112,0.0
3113,32.156751186548796
3114,39.60871660451042
3115,0.0
3116,0.0
3117,0.0
3118,0.0
3119,0.0
3120,0.0
3121,1.0232049242078167
3122,1.557564623915332
3123,0.0
3124,46.12871855362525
3125,0.0
3126,0.0
3127,0.0
3128,2.719795959863559
3129,0.0
3130,0.0
3131,0.0
3132,49.42548527833322
3133,0.0
3134,11.750324675080766
3135,7.714353772731231
3136,474.83103980805265
3137,36.218089633143855
3138,0.006955550075897765
3139,0.0
3140,0.8582717718843966
3141,0.5251619119016449
3142,0.0
3143,94.88131883882228
3144,25.169781872565384
3145,5.710601036312581
3146,161.95631413045683
3147,1.0040587679055037
3148,0.0
3149,0.0
3150,55.477192152877905
3151,0.0
3152,0.0
3153,1.0060912377032887
3154,0.0
3155,121.30911914803157
3156,0.0
3157,297.39327041462445
3158,69.8315764010895
3159,0.0
3160,0.0
3161,0.0
3162,1.5837847924076613
3163,0.0
3164,291.5373492017008
3165,74.84598358575448
3166,0.0
3167,0.0
3168,0.0
3169,318.00997687854203
3170,0.0
3171,0.0
3172,0.0
3173,0.0
3174,0.05885130135484817
3175,0.0
3176,67775.12657323628
3177,538.7423874423633
3178,5.4366670325469375
3179,0.046084939922037105
3180,0.0533610361053074
3181,68.89010769432356
3182,0.0636808479829869
3183,3.2420535147828824
3184,0.0
3185,0.0017343702394658767
3186,0.9965372689879917
3187,0.04246576096025367
3188,1214.9899514775395
3189,0.0
3190,0.0034717485190591812
3191,0.0
3192,61.343550035801066
3193,0.0
3194,0.0
3195,0.0
3196,2.982776280708361
3197,22.3431777803737
3198,904.3344222849819
3199,0.0
3200,0.0
3201,39.12144623380861
3202,10.965970986839888
3203,94.09188383663789
3204,0.0
3205,16.06917685936131
3206,15.112372100975083
3207,295.93973770326204
3208,3.2230462819880685
3209,0.0
3210,81.7339869885699
3211,0.0
3212,6.057629502728244
3213,10.759351807552488
3214,3.4774848413731227
3215,0.0
3216,0.9083556127195136
3217,0.0
3218,0.0
3219,0.0
3220,0.0
3221,0.0
3222,0.0
3223,0.0
3224,0.0
3225,42.54653854058554
3226,0.0
3227,8.228787014596868
3228,135.99499224133936
3229,0.0
3230,74.9999968816471
3231,0.0
3232,0.0
3233,0.46718147611135175
3234,0.44427396415275067
3235,163.26599429759105
3236,0.0
3237,208.573478972791
3238,1.9931653894748638
3239,935.0262733268983
3240,14.05192153544494
3241,556.2371990824574
3242,917.7681823611487
3243,0.0
3244,0.0
3245,0.0
3246,0.0
3247,0.0
3248,158.01306700937576
3249,120.97618200990816
3250,0.0
3251,0.0
3252,0.0
3253,0.0
3254,0.0
3255,0.0
3256,0.0
3257,0.0
3258,0.006955550075897765
3259,0.0
3260,0.0
3261,11.843169027528374
3262,75.03689528020047
3263,0.0
3264,0.8891488406557255
3265,0.0
3266,0.0
3267,0.0
3268,76.18096325647609
3269,1.9761666621173304
3270,0.008701983814414449
3271,0.6682909045132883
3272,62.02341896221
3273,0.0
3274,0.0
3275,9.331966491289688
3276,336.00309176036734
3277,0.0
3278,1.2255156291368814
3279,16.546190501271727
3280,0.0040317003815164565
3281,0.0
3282,0.017987101261149663
3283,1.8975860155037911
3284,7.947178983324807
3285,0.006955550075897765
3286,0.0
3287,0.0
3288,0.0
3289,84.04374608161862
3290,3.6431161307384636
3291,0.0
3292,0.01777934096943712
3293,0.0017343702394658767
3294,0.0
3295,18.0067543496884
3296,22.011894625652335
3297,0.0
3298,0.0
3299,0.0
3300,0.005212140055835368
3301,0.0017343702394658767
3302,0.0
3303,0.0
3304,10.08243357077684
3305,0.0
3306,0.13288388568419407
3307,0.08711094478542214
3308,0.0
3309,0.0
3310,0.0
3311,1.1575786914044763
3312,133.0000298940446
3313,0.0
3314,0.0
3315,0.0
3316,186.6717383516674
3317,0.0
3318,0.0
3319,0.0
3320,13509.485796236526
3321,0.0
3322,0.0
3323,35.97978002043992
3324,0.020850059225154594
3325,5987.170394408238
3326,1.0001411645106861
3327,0.0
3328,0.0
3329,0.0
3330,0.0
3331,0.0
3332,3.237903391103104
3333,8.346367453699141
3334,3.665864929225628
3335,1050.9512349579566
3336,0.0
3337,0.0
3338,0.0
3339,0.013067029433674326
3340,16.980192275958142
3341,28.912926008408842
3342,0.0
3343,0.0
3344,0.0
3345,0.0
3346,0.0
3347,0.0
3348,0.0
3349,0.0
3350,0.0
3351,0.0
3352,1.2427502879322403
3353,40.31746263481955
3354,3.989461113582516
3355,0.0
3356,0.0
3357,26.306461491223242
3358,0.0
3359,18.14331259124927
3360,0.0
3361,1.8288695407461582
3362,22.484164147111667
3363,0.0
3364,89.40767826825842
3365,0.0
3366,36.06300667802139
3367,0.32089087451626974
3368,0.0
3369,19.427236905863715
3370,0.0
3371,28.299082420769967
3372,0.0
3373,1.0338540345851848
3374,425.7462768399604
3375,934.0022938144125
3376,7.952191393174186
3377,105.95734778962499
3378,331.68055854791464
3379,12.056080708519298
3380,0.0
3381,0.00577306308213843
3382,0.0
3383,56.519696706984924
3384,20.62528211733929
3385,2.570167844181577
3386,0.0
3387,3.676741795958354
3388,0.0
3389,0.002750305942310849
3390,0.22688497794315765
3391,28.32313033776598
3392,0.011579454421627
3393,0.0
3394,2.000000059502263
3395,21.848293834671434
3396,2.2293419228258866
3397,0.0
3398,0.0
3399,33.11440871154648
3400,0.0
3401,0.0
3402,0.0
3403,0.0
3404,106.70362810557735
3405,0.0
3406,74.9999968816471
3407,93.00001168854419
3408,0.0
3409,15.061390656742233
3410,0.0017343702394658767
3411,0.033033628377448165
3412,0.0
3413,0.2578051424438699
3414,7.257244395231329
3415,5.000000130432452
3416,1215.4577229560246
3417,19624.080721768274
3418,0.0
3419,1.4939063656210698
3420,0.016748178611289077
3421,0.0
3422,0.0
3423,0.0
3424,318.2522021774189
3425,0.0
3426,0.012203943432893993
3427,0.0
3428,30.578452622238764
3429,57.17436004346275
3430,1.111342134012257
3431,0.0
3432,0.0
3433,35.38020588077649
3434,0.0
3435,27.431705920807733
3436,0.7555401577876792
3437,0.3681976521171557
3438,0.005212140055835368
3439,1.9194588446148697
3440,0.0
3441,0.0
3442,0.0
3443,0.9858693248934209
3444,10.88239930443322
3445,0.023521682192694238
3446,293.0896026784222
3447,0.0
3448,0.0
3449,9.22111647263086
3450,3.2820370960906065
3451,0.016316409100799678
3452,0.0
3453,0.0
3454,0.0017343702394658767
3455,0.020671339877795347
3456,0.0
3457,0.0
3458,0.0
3459,88.16179313916416
3460,0.0
3461,0.15047931845342366
3462,16.1789647273828
3463,2.03449401491913
3464,0.0
3465,0.0
3466,0.0
3467,0.08188369857251088
3468,0.0034717485190591812
3469,2.6894226398455907
3470,0.0
3471,2.834951216282142
3472,0.0
3473,0.0
3474,1.2716028852874022
3475,0.004489446230552474
3476,16.575324910187994
3477,0.0
3478,5.130188774681
3479,144.390632611559
3480,0.0
3481,755.8821734705593
3482,8.656401318664681
3483,0.0
3484,0.0
3485,19.655834986216803
3486,0.0
3487,0.0
3488,0.0
3489,0.0
3490,1.9916704180296807
3491,89.732171959593
3492,0.0
3493,0.0
3494,0.0
3495,1356.2646391245694
3496,1.138595778537245
3497,0.0
3498,0.0
3499,93.00001168854419
3500,90.9974881848528
3501,14.43041564130637
3502,0.0
3503,0.0
3504,2.0934897071745366
3505,10.912054331820286
3506,0.0
3507,0.4297863208515649
3508,0.0
3509,0.002750305942310849
3510,121.16121294933731
3511,1.6916392302350736
3512,0.0
3513,373.32193099365367
3514,0.7689458335647832
3515,0.0
3516,0.0
3517,0.0
3518,135.2816483944209
3519,0.0
3520,0.0
3521,0.0
3522,2.0024118444360974
3523,6.293249007095664
3524,0.0
3525,0.0
3526,0.0
3527,0.0
3528,0.0
3529,192.64697207101997
3530,0.0
3531,0.0
3532,0.0
3533,0.0
3534,1.0000000038093084
3535,0.0
3536,0.0
3537,0.010451446515632234
3538,0.0
3539,0.8704722653447432
3540,0.0
3541,0.0
3542,6.289020568533935
3543,0.0
3544,23.577469309736077
3545,0.0
3546,5.000000130432452
3547,0.0
3548,8.412117079201701
3549,66.10982605518328
3550,0.0
3551,0.29200279504618765
3552,0.0
3553,783.7791053057055
3554,0.0
3555,30.614213643807933
3556,21.892359835433012
3557,679.8509719086578
3558,37.598135974897325
3559,0.09950224965936294
3560,0.005508176067398063
3561,0.0
3562,0.022047612519726645
3563,0.0
3564,0.0
3565,0.0
3566,0.0
3567,1.0000000038093084
3568,1.092182552449402
3569,1.3698031579283758
3570,125.28918125339982
3571,293.84445843702844
3572,0.0
3573,1.961984371129419
3574,11762.93367101506
3575,4.014642287468681
3576,0.0
3577,0.0
3578,0.0
3579,0.0
3580,0.0
3581,0.0
3582,0.0
3583,0.0017343702394658767
3584,0.10573065362564393
3585,0.0
3586,0.0
3587,0.0
3588,0.06499134162828857
3589,630.999912390159
3590,0.0
3591,0.0
3592,0.0
3593,0.0
3594,3.3045192663603675
3595,0.0
3596,40.80879706530367
3597,0.0
3598,3.283049432170536
3599,0.0
3600,25.9690789344527
3601,0.0017343702394658767
3602,0.0
3603,0.0
3604,0.0
3605,0.0
3606,1.059198238858769
3607,3.042125263681654
3608,167.99997181133423
3609,3.5575638488537775
3610,1.9535159643330382
3611,5.4667517341201695
3612,24.83446024909069
3613,0.008701983814414449
3614,0.0
3615,0.0
3616,0.0
3617,2373.700276342999
3618,1.313644185019383
3619,81.49308270314151
3620,0.0
3621,2443.653932296999
3622,0.0
3623,40.522374014724136
3624,21.05257016664571
3625,1.2663522122721198
3626,71.09362838269284
3627,0.0
3628,0.0
3629,0.0
3630,4.088244144964389
3631,0.0
3632,0.0
3633,0.0
3634,8.450111224193572
3635,0.0
3636,46.69427252914293
3637,0.0
3638,0.0
3639,2.106759327712401
3640,0.12424962810854367
3641,2.8842436678010497
3642,0.0
3643,618.8579608845645
3644,0.0
3645,0.002750305942310849
3646,0.0
3647,0.0
3648,0.0
3649,0.0
3650,54.22037904935371
3651,8.961004757076319
3652,0.0
3653,1.1028371648393502
3654,0.0
3655,0.0
3656,0.0
3657,1.0000000038093084
3658,0.005212140055835368
3659,8.654878380796982
3660,0.0
3661,230.63528199158688
3662,0.008273631179078311
3663,0.0
3664,0.0
3665,455.45952339800033
3666,1.118425193421586
3667,0.22639885980830732
3668,26.293148122333953
3669,0.0017343702394658767
3670,0.0
3671,2819.288989296494
3672,0.0
3673,45.98312586909087
3674,34.70663773054563
3675,0.0
3676,0.0
3677,0.0
3678,0.0
3679,0.46932669536553506
3680,0.01101529315130878
3681,0.07944638396583992
3682,0.0
3683,0.0
3684,88.64007796824878
3685,169.93674947892103
3686,0.0
3687,0.2497590603156692
3688,5.104831636496587
3689,0.0
3690,4.843737629895591
3691,0.012203943432893993
3692,0.0
3693,0.0
3694,0.0
3695,0.0
3696,0.0
3697,0.0
3698,4.000000150353914
3699,0.0
3700,74.9999968816471
3701,0.0
3702,0.0
3703,17.999999148034917
3704,180.74698921674644
3705,345.2452227547821
3706,0.06611340383830888
3707,2.052630023024053
3708,1.0000000038093084
3709,0.0
3710,630.999912390159
3711,0.0017343702394658767
3712,0.0
3713,19.192544447127236
3714,24.216465202862224
3715,1.7570904633151088
3716,0.0
3717,0.8245285351741163
3718,0.0
3719,0.0
3720,159.4433605874746
3721,1.508406082049886
3722,74.9999968816471
3723,296.734021086208
3724,758.1099422585736
3725,4.000000150353914
3726,0.0
3727,0.0
3728,148.4459101565119
3729,4.704834182721566
3730,0.0
3731,0.0017343702394658767
3732,10.963799641649501
3733,14.928049150064169
3734,0.0
3735,0.0
3736,0.0
3737,0.0
3738,1.459281322273609
3739,0.14478280560013257
3740,0.31758598708542163
3741,0.0
3742,0.0
3743,0.0
3744,0.0
3745,0.0
3746,1.2180231931169545
3747,0.0
3748,0.0
3749,1.9122373343397947
3750,0.0
3751,0.0
3752,0.0
3753,1.0087982782511467
3754,0.0
3755,0.0
3756,0.0
3757,115.17481231601477
3758,483.54319083730087
3759,0.0
3760,6.513258449570645
3761,0.0
3762,3.39645032147964
3763,0.0
3764,3.1646042094390543
3765,0.0
3766,0.0
3767,0.0
3768,0.0
3769,0.2977033368348758
3770,0.0
3771,0.0
3772,0.0
3773,0.0
3774,111.80751268854462
3775,0.0
3776,11.736848960626403
3777,0.0
3778,20.535608501855062
3779,0.0
3780,0.777972913673955
3781,269.18188772656066
3782,9.106125396640584
3783,0.0
3784,0.028113826734394554
3785,0.0
3786,0.0
3787,762.7728554442084
3788,0.0
3789,0.0
3790,1.6673629975299615
3791,0.0
3792,82.59839315433022
3793,0.0
3794,32.65013927412538
3795,93.16547412592018
3796,0.0
3797,2361.378364609811
3798,0.0
3799,0.0
3800,0.0
3801,9.994483635760643
3802,0.0
3803,0.0
3804,0.0
3805,575.9998684568793
3806,0.0
3807,51.093855271923864
3808,0.014258091940797746
3809,53.737055854341484
3810,0.0
3811,120.99998010418983
3812,0.0
3813,3.8322481715263903
3814,16.558250259903136
3815,39.14091545400131
3816,0.0
3817,0.0
3818,1.523999765402508
3819,0.0017343702394658767
3820,3.05539579917098
3821,1.7110519218290605
3822,82.6526732353898
3823,0.0
3824,42.44044681670863
3825,2.2034271675769745
3826,0.12505848505309336
3827,0.0
3828,0.0
3829,0.0
3830,0.08926095702188253
3831,2936.215105334981
3832,1.0203763594455446
3833,0.0
3834,11.16617347642637
3835,5.484554993552601
3836,3.159860316134913
3837,3.0000000152372346
3838,0.0
3839,0.0
3840,0.0017343702394658767
3841,0.03817421493830753
3842,0.0
3843,1.3091959001537319
3844,0.0
3845,0.0
3846,0.0
3847,1.4790395279827169
3848,0.0
3849,0.0
3850,0.0
3851,0.0
3852,0.0
3853,11.502859850286857
3854,0.0
3855,2.3288905638049475
3856,0.0
3857,0.0
3858,0.0
3859,32.19940193196891
3860,234.23935311120485
3861,686.6146667282034
3862,5.0669452712079135
3863,6.273452517272645
3864,0.0040317003815164565
3865,60978.82796993958
3866,0.0
3867,0.11390007566074156
3868,0.9930805294328844
3869,61.9283182348052
3870,0.0
3871,0.0
3872,0.0
3873,0.0
3874,0.0314045573047117
3875,4.7467989255252805
3876,0.0
3877,539.0899741505788
3878,1347.340437003775
3879,0.0
3880,2.8614907478173497
3881,0.013230497133400743
3882,0.0
3883,0.0
3884,0.0
3885,7.784187667323879
3886,318.4827186591448
3887,1017.8628862326269
3888,0.0
3889,630.999912390159
3890,9.000000319754372
3891,0.0
3892,0.0
3893,29.334301538193156
3894,318.0249545528681
3895,0.28944884264859017
3896,0.0
3897,0.0
3898,6.5022784692142235
3899,0.004489446230552474
3900,0.0
3901,0.0
3902,0.0
3903,0.0
3904,0.0
3905,16.86383142150974
3906,0.0
3907,0.01214393050215734
3908,0.0
3909,0.0
3910,0.0
3911,3.193511575928391
3912,0.0
3913,0.0
3914,0.0
3915,128.83426691684167
3916,22.5026101595287
3917,0.0
3918,0.0
3919,0.0
3920,0.0
3921,2.740807248522793
3922,0.0
3923,0.0
3924,0.011579454421627
3925,0.0
3926,6.628231537848772
3927,3.979419169553008
3928,0.0
3929,2.42736179631062
3930,0.6044427441865416
3931,525.7117049368729
3932,0.0
3933,0.9943886707763925
3934,93.00001168854419
3935,0.0
3936,0.0
3937,23.26019797193401
3938,0.0
3939,0.0
3940,575.9998684568793
3941,5.203939308750028
3942,0.0
3943,19.763787783318687
3944,118.9687622189899
3945,0.0
3946,0.0
3947,0.011476222874519992
3948,1008.9199602953373
3949,0.0
3950,0.0
3951,0.0
3952,22.855634336757
3953,0.0
3954,0.0
3955,6.980862049648732
3956,0.0
3957,202.49199917238607
3958,0.025595904804899927
3959,0.0
3960,0.0
3961,0.0
3962,0.0
3963,0.0
3964,5.020887137029086
3965,1.2341077110897731
3966,1.4763798769111927
3967,0.0
3968,73.81497193010536
3969,0.009387967359368421
3970,5753.800779457103
3971,0.008701983814414449
3972,0.0
3973,1.100402291435691
3974,0.013959479828653976
3975,0.002750305942310849
3976,0.0
3977,0.0
3978,0.0
3979,0.0
3980,3.05005749016971
3981,0.0
3982,0.0
3983,0.0
3984,0.0
3985,1.5495334607091538
3986,1.2160032145810824
3987,11.834309126352084
3988,0.0
3989,2.878494553078286
3990,0.0
3991,0.0
3992,0.0
3993,0.36258366456069613
3994,69.07817294737518
3995,0.0
3996,0.0
3997,3.917829087931567
3998,0.0
3999,0.0
4000,0.0
4001,0.0
4002,0.0
4003,0.0
4004,2.003433881084768
4005,0.0
4006,0.0
4007,50.304355352728486
4008,0.0
4009,0.0
4010,60.677317889633855
4011,0.0
4012,0.0
4013,0.011579454421627
4014,89.8617570261281
4015,0.16443012070085672
4016,1342.9505424391841
4017,87.38680607510557
4018,0.0
4019,421.95520281279624
4020,0.06887005333193352
4021,0.0
4022,0.0
4023,0.0
4024,9.837860852458265
4025,1.1808593589095433
4026,37.46223798942085
4027,0.0
4028,0.0
4029,0.0
4030,0.0
4031,0.0
4032,0.0
4033,0.0
4034,0.0
4035,97.64419668876974
4036,0.008273631179078311
4037,0.0
4038,53.614400536757614
4039,0.0
4040,25.185461233884073
4041,312.528611739012
4042,377.08600627687713
4043,0.0
4044,989.9874905081571
4045,0.0
4046,0.0034717485190591812
4047,2333.7844280064605
4048,0.025897943856195704
4049,134.8912248899171
4050,14.344808936720916
4051,0.0
4052,0.0
4053,1.0000000038093084
4054,1766.9394311255699
4055,0.008079655370999195
4056,8.398176907172822
4057,239.37770853361937
4058,123.26425322668541
4059,0.0
4060,0.0
4061,0.06616846981392666
4062,0.0
4063,0.0
4064,0.0
4065,0.025897943856195704
4066,0.0
4067,0.0
4068,18.372792357835053
4069,0.0
4070,4.472622907708549
4071,934.2182180422968
4072,0.0
4073,0.0
4074,0.0
4075,1.0000000038093084
4076,0.0
4077,1.7019113545360316
4078,1.5964456081862353
4079,0.5908104206011768
4080,0.0
4081,2.000000059502263
4082,0.0
4083,0.0
4084,0.0
4085,92.24540080710311
4086,0.0
4087,778.1821087624377
4088,0.0
4089,3.0000000152372346
4090,42.22158335279344
4091,52.653593755249894
4092,72.84171001096382
4093,0.0
4094,1.3199871518184145
4095,429.62174727171674
4096,0.0
4097,10.158511213126184
4098,0.0
4099,0.7349502624604434
4100,0.0
4101,437.6306689719995
4102,0.0
4103,0.0
4104,172.37743127074052
4105,0.0
4106,0.0
4107,0.0
4108,0.0
4109,926.6244753695095
4110,0.6367379472592616
4111,0.0
4112,0.0
4113,0.1838954362366838
4114,0.0
4115,0.0
4116,72.5480433693514
4117,15.975059926756195
4118,14.474407324786167
4119,0.0034717485190591812
4120,3.2641192591139196
4121,103.50865890803884
4122,0.0
4123,0.0
4124,6.286447775667251
4125,0.0
4126,0.0
4127,0.0
4128,0.0
4129,0.0
4130,793.2885645907384
4131,0.0
4132,0.0
4133,0.0
4134,229.5647455056283
4135,4.021073954166887
4136,3.065918382194348
4137,0.0
4138,0.0
4139,136.2892606673073
4140,0.0
4141,0.0
4142,1.0739317884866573
4143,0.0
4144,1129.9449842244994
4145,0.0
4146,935.0262733268983
4147,0.0
4148,31.56829109913985
4149,0.0
4150,94.38040187477729
4151,988.8802256083983
4152,0.0
4153,0.0
4154,167.99997181133423
4155,19.646183788726823
4156,0.0
4157,0.0
4158,6673.8597321222
4159,0.0
4160,112.94326621663122
4161,244.9999951620426
4162,851.4438242901102
4163,682.5794988652412
4164,0.0
4165,4.071550059303806
4166,0.0
4167,1.1782178579239861
4168,416.7005200878182
4169,0.0
4170,5.406117070659708
4171,902.3782527576598
4172,446.62298546023226
4173,49.0556168032469
4174,0.0
4175,679.9088920201185
4176,3.9936189052336104
4177,0.0
4178,0.20932268439350765
4179,0.0
4180,1.0370493474218536
4181,0.0
4182,15.517627767794558
4183,0.0
4184,0.0
4185,0.0
4186,0.0
4187,0.0
4188,10.899907315991921
4189,18.035693192657902
4190,0.0
4191,0.0
4192,0.0
4193,22.01353809952936
4194,0.0
4195,152.81998431933587
4196,0.0
4197,1073.9292051531668
4198,0.0
4199,0.0
4200,0.0
4201,0.0
4202,18.137338928842365
4203,0.0
4204,0.0
4205,0.0
4206,0.0017343702394658767
4207,0.0
4208,0.0
4209,47.93374152577092
4210,0.7062828100926235
4211,174.1032055719373
4212,45.995463361877405
4213,0.0
4214,258.8176731258553
4215,163.37667044066683
4216,279.93432948919707
4217,21.676705665610985
4218,0.09076067723330628
4219,65.43856034576942
4220,44.9379720895465
4221,0.0
4222,0.0
4223,0.011476222874519992
4224,7305.609842691688
4225,0.01788321581454544
4226,0.0
4227,0.0
4228,0.0
4229,243.90640636288236
4230,0.20101244436502852
4231,0.0
4232,12.946380264917691
4233,1.7288157160299966
4234,0.0
4235,0.0
4236,0.005212140055835368
4237,0.0
4238,0.22786492873984443
4239,1.51470821111084
4240,0.0
4241,4.000000150353914
4242,145.99498809725665
4243,0.1604014985168667
4244,0.0
4245,0.0
4246,0.0
4247,0.0
4248,19.322454190473625
4249,0.0
4250,0.0
4251,0.0
4252,18.247467180230554
4253,24.84767085947849
4254,0.7195667897927043
4255,3.955323869825855
4256,1.0190162571497625
4257,1.003468744294847
4258,0.0
4259,2.137492981543814
4260,0.9893809528313464
4261,0.0
4262,0.0
4263,0.0034717485190591812
4264,0.0
4265,0.0
4266,0.0
4267,68.5151356322684
4268,0.0
4269,2.4757753673244514
4270,0.0
4271,9.711954699782652
4272,0.0
4273,0.0
4274,0.0
4275,0.0
4276,0.9965372689879917
4277,0.0
4278,93.00001168854419
4279,0.0
4280,0.0
4281,0.0
4282,0.0
4283,74.9999968816471
4284,934.9977410093549
4285,0.0
4286,0.0
4287,0.0
4288,0.0
4289,0.0
4290,0.8403753043343956
4291,0.022484701985943323
4292,0.9794236875985947
4293,0.0
4294,0.0
4295,7.882993326502943
4296,0.0
4297,0.0
4298,2.5114762709813467
4299,0.18138479439604427
4300,0.0
4301,0.0
4302,71.39289775058647
4303,4.000000150353914
4304,0.0
4305,0.0
4306,6.139354023172529
4307,1.9405588013796642
4308,0.0
4309,108.42037223334415
4310,0.0
4311,15.677110026719557
4312,0.06093720914847478
4313,0.0
4314,0.0
4315,0.0
4316,0.0
4317,104.17970529930903
4318,0.0017343702394658767
4319,0.0
4320,0.0
4321,0.0
4322,0.0
4323,1.003468744294847
4324,0.0
4325,878.1783251083054
4326,0.0
4327,0.0
4328,0.0
4329,0.0
4330,41.13057395322994
